Method,Job,AnalyzeLaunchVariance,EvaluateOverhead,MaxAbsoluteError,MaxRelativeError,MinInvokeCount,MinIterationTime,OutlierMode,Affinity,EnvironmentVariables,Jit,LargeAddressAware,Platform,PowerPlanMode,Runtime,AllowVeryLargeObjects,Concurrent,CpuGroups,Force,HeapAffinitizeMask,HeapCount,NoAffinitize,RetainVm,Server,Arguments,BuildConfiguration,Clock,EngineFactory,NuGetReferences,Toolchain,IsMutator,InvocationCount,IterationCount,IterationTime,LaunchCount,MaxIterationCount,MaxWarmupIterationCount,MemoryRandomization,MinIterationCount,MinWarmupIterationCount,RunStrategy,UnrollFactor,WarmupCount,EntityCount,Mean,Error,StdDev,Median,Gen0,Gen1,Allocated
Frent_Bulk,Job-YMNESL,False,Default,Default,Default,Default,Default,Default,111111111111111111111111,Empty,RyuJit,Default,X64,8c5e7fda-e8bf-4a96-9a85-a6e23a8c635c,.NET 10.0,False,True,False,True,Default,Default,False,False,False,Default,Default,Default,Default,Default,Default,Default,1,Default,Default,Default,Default,Default,Default,Default,Default,Default,1,Default,100000,729.0 μs,15.36 μs,41.78 μs,724.7 μs,0.0000,0.0000,3323.24 KB
Frent,Job-YMNESL,False,Default,Default,Default,Default,Default,Default,111111111111111111111111,Empty,RyuJit,Default,X64,8c5e7fda-e8bf-4a96-9a85-a6e23a8c635c,.NET 10.0,False,True,False,True,Default,Default,False,False,False,Default,Default,Default,Default,Default,Default,Default,1,Default,Default,Default,Default,Default,Default,Default,Default,Default,1,Default,100000,"1,624.7 μs",32.22 μs,58.92 μs,"1,613.0 μs",0.0000,0.0000,3323.24 KB
LeopotamEcsLite,Job-YMNESL,False,Default,Default,Default,Default,Default,Default,111111111111111111111111,Empty,RyuJit,Default,X64,8c5e7fda-e8bf-4a96-9a85-a6e23a8c635c,.NET 10.0,False,True,False,True,Default,Default,False,False,False,Default,Default,Default,Default,Default,Default,Default,1,Default,Default,Default,Default,Default,Default,Default,Default,Default,1,Default,100000,"3,024.7 μs",246.78 μs,719.88 μs,"3,114.5 μs",0.0000,0.0000,7151.41 KB
FrifloEngineEcs,Job-YMNESL,False,Default,Default,Default,Default,Default,Default,111111111111111111111111,Empty,RyuJit,Default,X64,8c5e7fda-e8bf-4a96-9a85-a6e23a8c635c,.NET 10.0,False,True,False,True,Default,Default,False,False,False,Default,Default,Default,Default,Default,Default,Default,1,Default,Default,Default,Default,Default,Default,Default,Default,Default,1,Default,100000,"3,126.5 μs",60.93 μs,62.57 μs,"3,141.5 μs",0.0000,0.0000,3382.07 KB
Arch,Job-YMNESL,False,Default,Default,Default,Default,Default,Default,111111111111111111111111,Empty,RyuJit,Default,X64,8c5e7fda-e8bf-4a96-9a85-a6e23a8c635c,.NET 10.0,False,True,False,True,Default,Default,False,False,False,Default,Default,Default,Default,Default,Default,Default,1,Default,Default,Default,Default,Default,Default,Default,Default,Default,1,Default,100000,"4,158.8 μs",132.32 μs,371.04 μs,"4,064.8 μs",0.0000,0.0000,3178.77 KB
FlecsNet,Job-YMNESL,False,Default,Default,Default,Default,Default,Default,111111111111111111111111,Empty,RyuJit,Default,X64,8c5e7fda-e8bf-4a96-9a85-a6e23a8c635c,.NET 10.0,False,True,False,True,Default,Default,False,False,False,Default,Default,Default,Default,Default,Default,Default,1,Default,Default,Default,Default,Default,Default,Default,Default,Default,1,Default,100000,"5,666.3 μs",141.78 μs,411.34 μs,"5,594.5 μs",0.0000,0.0000,3.07 KB
LeopotamEcs,Job-YMNESL,False,Default,Default,Default,Default,Default,Default,111111111111111111111111,Empty,RyuJit,Default,X64,8c5e7fda-e8bf-4a96-9a85-a6e23a8c635c,.NET 10.0,False,True,False,True,Default,Default,False,False,False,Default,Default,Default,Default,Default,Default,Default,1,Default,Default,Default,Default,Default,Default,Default,Default,Default,1,Default,100000,"5,737.6 μs",239.18 μs,625.89 μs,"5,554.8 μs",0.0000,0.0000,13685.98 KB
DefaultEcs,Job-YMNESL,False,Default,Default,Default,Default,Default,Default,111111111111111111111111,Empty,RyuJit,Default,X64,8c5e7fda-e8bf-4a96-9a85-a6e23a8c635c,.NET 10.0,False,True,False,True,Default,Default,False,False,False,Default,Default,Default,Default,Default,Default,Default,1,Default,Default,Default,Default,Default,Default,Default,Default,Default,1,Default,100000,"6,854.8 μs",235.97 μs,633.92 μs,"6,622.9 μs",0.0000,0.0000,11321.44 KB
TinyEcs,Job-YMNESL,False,Default,Default,Default,Default,Default,Default,111111111111111111111111,Empty,RyuJit,Default,X64,8c5e7fda-e8bf-4a96-9a85-a6e23a8c635c,.NET 10.0,False,True,False,True,Default,Default,False,False,False,Default,Default,Default,Default,Default,Default,Default,1,Default,Default,Default,Default,Default,Default,Default,Default,Default,1,Default,100000,"7,532.3 μs",143.83 μs,153.90 μs,"7,507.5 μs",0.0000,0.0000,7834.48 KB
MonoGameExtended,Job-YMNESL,False,Default,Default,Default,Default,Default,Default,111111111111111111111111,Empty,RyuJit,Default,X64,8c5e7fda-e8bf-4a96-9a85-a6e23a8c635c,.NET 10.0,False,True,False,True,Default,Default,False,False,False,Default,Default,Default,Default,Default,Default,Default,1,Default,Default,Default,Default,Default,Default,Default,Default,Default,1,Default,100000,"8,705.9 μs",359.81 μs,"1,008.95 μs","8,401.0 μs",0.0000,0.0000,16409.22 KB
Fennecs,Job-YMNESL,False,Default,Default,Default,Default,Default,Default,111111111111111111111111,Empty,RyuJit,Default,X64,8c5e7fda-e8bf-4a96-9a85-a6e23a8c635c,.NET 10.0,False,True,False,True,Default,Default,False,False,False,Default,Default,Default,Default,Default,Default,Default,1,Default,Default,Default,Default,Default,Default,Default,Default,Default,1,Default,100000,"11,040.0 μs",248.62 μs,729.15 μs,"10,863.2 μs",0.0000,0.0000,13636.77 KB
Myriad,Job-YMNESL,False,Default,Default,Default,Default,Default,Default,111111111111111111111111,Empty,RyuJit,Default,X64,8c5e7fda-e8bf-4a96-9a85-a6e23a8c635c,.NET 10.0,False,True,False,True,Default,Default,False,False,False,Default,Default,Default,Default,Default,Default,Default,1,Default,Default,Default,Default,Default,Default,Default,Default,Default,1,Default,100000,"11,803.1 μs",234.65 μs,601.50 μs,"11,754.2 μs",0.0000,0.0000,7633.51 KB
HypEcs,Job-YMNESL,False,Default,Default,Default,Default,Default,Default,111111111111111111111111,Empty,RyuJit,Default,X64,8c5e7fda-e8bf-4a96-9a85-a6e23a8c635c,.NET 10.0,False,True,False,True,Default,Default,False,False,False,Default,Default,Default,Default,Default,Default,Default,1,Default,Default,Default,Default,Default,Default,Default,Default,Default,1,Default,100000,"12,555.0 μs",243.90 μs,299.53 μs,"12,576.5 μs",0.0000,0.0000,25827.38 KB
SveltoECS,Job-YMNESL,False,Default,Default,Default,Default,Default,Default,111111111111111111111111,Empty,RyuJit,Default,X64,8c5e7fda-e8bf-4a96-9a85-a6e23a8c635c,.NET 10.0,False,True,False,True,Default,Default,False,False,False,Default,Default,Default,Default,Default,Default,Default,1,Default,Default,Default,Default,Default,Default,Default,Default,Default,1,Default,100000,"15,252.4 μs",303.50 μs,815.32 μs,"15,127.4 μs",0.0000,0.0000,3.55 KB
RelEcs,Job-YMNESL,False,Default,Default,Default,Default,Default,Default,111111111111111111111111,Empty,RyuJit,Default,X64,8c5e7fda-e8bf-4a96-9a85-a6e23a8c635c,.NET 10.0,False,True,False,True,Default,Default,False,False,False,Default,Default,Default,Default,Default,Default,Default,1,Default,Default,Default,Default,Default,Default,Default,Default,Default,1,Default,100000,"17,721.0 μs",383.17 μs,"1,099.39 μs","17,766.7 μs",1000.0000,0.0000,29667.9 KB
Exanite,Job-YMNESL,False,Default,Default,Default,Default,Default,Default,111111111111111111111111,Empty,RyuJit,Default,X64,8c5e7fda-e8bf-4a96-9a85-a6e23a8c635c,.NET 10.0,False,True,False,True,Default,Default,False,False,False,Default,Default,Default,Default,Default,Default,Default,1,Default,Default,Default,Default,Default,Default,Default,Default,Default,1,Default,100000,"21,960.8 μs",689.12 μs,"1,988.28 μs","21,790.6 μs",0.0000,0.0000,16545.02 KB
Morpeh_Stash,Job-YMNESL,False,Default,Default,Default,Default,Default,Default,111111111111111111111111,Empty,RyuJit,Default,X64,8c5e7fda-e8bf-4a96-9a85-a6e23a8c635c,.NET 10.0,False,True,False,True,Default,Default,False,False,False,Default,Default,Default,Default,Default,Default,Default,1,Default,Default,Default,Default,Default,Default,Default,Default,Default,1,Default,100000,"55,104.7 μs","1,084.18 μs","1,519.87 μs","55,192.0 μs",2000.0000,2000.0000,41303.79 KB
Morpeh_Direct,Job-YMNESL,False,Default,Default,Default,Default,Default,Default,111111111111111111111111,Empty,RyuJit,Default,X64,8c5e7fda-e8bf-4a96-9a85-a6e23a8c635c,.NET 10.0,False,True,False,True,Default,Default,False,False,False,Default,Default,Default,Default,Default,Default,Default,1,Default,Default,Default,Default,Default,Default,Default,Default,Default,1,Default,100000,"55,687.6 μs","1,101.31 μs","2,224.70 μs","55,720.0 μs",2000.0000,2000.0000,41301.16 KB
